{
  "name": "FlyingPress",
  "slug": "flying-press",
  "author": "<a href='https://flyingpress.com'>FlyingPress</a>",
  "author_profile": "https://flyingpress.com",
  "version": "5.0.7",
  "requires": "4.7",
  "tested": "6.8.2",
  "requires_php": "7.4",
  "sections": {
    "description": "Lightning-Fast WordPress on Autopilot",
    "changelog": "<h4>5.0.7 - 17 July, 2025</h4><ul><li>Improvement: Atomic write to <code>wp-config.php</code> file for broader compatibility</li><li>Fix: Import configurations were not working in certain cases</li></ul><p>Full changelog: <a href='https://flyingpress.com/changelog/'>flyingpress.com/changelog</a></p>"
  }
}
